{
    "name": null,
    "frequency_range": null,
    "allow_gain": false,
    "nonlinear_spec": null,
    "modulation_spec": null,
    "heat_spec": null,
    "type": "PoleResidue",
    "eps_inf": 3.394619381557229,
    "poles": [
        [
            {
                "real": -1667817350156715.2,
                "imag": -206849778477753.25
            },
            {
                "real": 1.0047082751084624e+16,
                "imag": -2.3076845274411668e+16
            }
        ]
    ]
}