{"parameters": {"unit_length": "um", "unit_frequency": "THz", "unit_time": "ps", "x_cent": 0.0, "y_cent": 0.0, "z_cent": 0.0, "x_span": 0.6725000000000001, "y_span": 0.6725000000000001, "z_span": 0.6725000000000001, "mesh_step": [0.004535897435897446, 0.004535897435897446, 0.004535897435897446], "symmetries": [0, 0, 0], "pml_layers": [{"profile": "standard", "Nlayers": 24}, {"profile": "standard", "Nlayers": 24}, {"profile": "standard", "Nlayers": 24}], "run_time": 0.08839448518888583, "courant": 0.9, "shutoff": 1e-05, "subpixel": true}, "materials": [{"name": "mat_0", "type": "Medium", "permittivity": [1.0, 1.0, 1.0], "conductivity": [0.0, 0.0, 0.0], "poles": []}], "structures": [], "sources": [{"name": null, "type": "PlaneWave", "source_time": {"type": "GaussianPulse", "frequency": 565.6461474169735, "fwidth": 113.1292294833947, "offset": 4.0, "phase": 0.0}, "injection_axis": "+z", "position": -0.25343750000000004, "polarization": "x", "amplitude": 1.0}], "monitors": [{"name": "n2f", "x_cent": 0.0, "y_cent": 0.0, "z_cent": 0.0, "x_span": 0.04, "y_span": 0.04, "z_span": 0.04, "frequency": [452.5169179335788, 454.8023569130413, 457.0877958925039, 459.37323487196636, 461.6586738514289, 463.9441128308914, 466.22955181035394, 468.5149907898164, 470.800429769279, 473.0858687487415, 475.371307728204, 477.6567467076665, 479.94218568712904, 482.22762466659157, 484.51306364605404, 486.7985026255166, 489.0839416049791, 491.3693805844416, 493.6548195639042, 495.94025854336667, 498.2256975228292, 500.5111365022917, 502.79657548175425, 505.0820144612167, 507.36745344067924, 509.6528924201418, 511.9383313996043, 514.2237703790669, 516.5092093585293, 518.7946483379918, 521.0800873174544, 523.365526296917, 525.6509652763795, 527.9364042558419, 530.2218432353045, 532.507282214767, 534.7927211942294, 537.078160173692, 539.3635991531545, 541.6490381326171, 543.9344771120797, 546.2199160915421, 548.5053550710046, 550.7907940504671, 553.0762330299297, 555.3616720093921, 557.6471109888547, 559.9325499683173, 562.2179889477798, 564.5034279272422, 566.7888669067047, 569.0743058861673, 571.3597448656299, 573.6451838450923, 575.9306228245549, 578.2160618040174, 580.5015007834799, 582.7869397629423, 585.072378742405, 587.3578177218675, 589.64325670133, 591.9286956807925, 594.214134660255, 596.4995736397175, 598.78501261918, 601.0704515986426, 603.3558905781051, 605.6413295575676, 607.9267685370301, 610.2122075164926, 612.4976464959552, 614.7830854754177, 617.0685244548803, 619.3539634343427, 621.6394024138052, 623.9248413932677, 626.2102803727303, 628.4957193521927, 630.7811583316553, 633.0665973111179, 635.3520362905804, 637.6374752700428, 639.9229142495053, 642.208353228968, 644.4937922084305, 646.779231187893, 649.0646701673555, 651.350109146818, 653.6355481262805, 655.9209871057429, 658.2064260852055, 660.4918650646681, 662.7773040441306, 665.0627430235932, 667.3481820030556, 669.6336209825181, 671.9190599619808, 674.2044989414433, 676.4899379209057, 678.7753769003682], "type": "FrequencyMonitor", "store": ["E", "H"], "interpolate": false}, {"name": "near", "x_cent": 0.0, "y_cent": 0.0, "z_cent": 0.01, "x_span": 0.0, "y_span": 0.0, "z_span": 0.0, "frequency": [452.5169179335788, 454.8023569130413, 457.0877958925039, 459.37323487196636, 461.6586738514289, 463.9441128308914, 466.22955181035394, 468.5149907898164, 470.800429769279, 473.0858687487415, 475.371307728204, 477.6567467076665, 479.94218568712904, 482.22762466659157, 484.51306364605404, 486.7985026255166, 489.0839416049791, 491.3693805844416, 493.6548195639042, 495.94025854336667, 498.2256975228292, 500.5111365022917, 502.79657548175425, 505.0820144612167, 507.36745344067924, 509.6528924201418, 511.9383313996043, 514.2237703790669, 516.5092093585293, 518.7946483379918, 521.0800873174544, 523.365526296917, 525.6509652763795, 527.9364042558419, 530.2218432353045, 532.507282214767, 534.7927211942294, 537.078160173692, 539.3635991531545, 541.6490381326171, 543.9344771120797, 546.2199160915421, 548.5053550710046, 550.7907940504671, 553.0762330299297, 555.3616720093921, 557.6471109888547, 559.9325499683173, 562.2179889477798, 564.5034279272422, 566.7888669067047, 569.0743058861673, 571.3597448656299, 573.6451838450923, 575.9306228245549, 578.2160618040174, 580.5015007834799, 582.7869397629423, 585.072378742405, 587.3578177218675, 589.64325670133, 591.9286956807925, 594.214134660255, 596.4995736397175, 598.78501261918, 601.0704515986426, 603.3558905781051, 605.6413295575676, 607.9267685370301, 610.2122075164926, 612.4976464959552, 614.7830854754177, 617.0685244548803, 619.3539634343427, 621.6394024138052, 623.9248413932677, 626.2102803727303, 628.4957193521927, 630.7811583316553, 633.0665973111179, 635.3520362905804, 637.6374752700428, 639.9229142495053, 642.208353228968, 644.4937922084305, 646.779231187893, 649.0646701673555, 651.350109146818, 653.6355481262805, 655.9209871057429, 658.2064260852055, 660.4918650646681, 662.7773040441306, 665.0627430235932, 667.3481820030556, 669.6336209825181, 671.9190599619808, 674.2044989414433, 676.4899379209057, 678.7753769003682], "type": "FrequencyMonitor", "store": ["E", "H"], "interpolate": false}, {"name": "flux", "x_cent": 0.0, "y_cent": 0.0, "z_cent": 0.05, "x_span": 1e+20, "y_span": 1e+20, "z_span": 0.0, "frequency": [452.5169179335788, 454.8023569130413, 457.0877958925039, 459.37323487196636, 461.6586738514289, 463.9441128308914, 466.22955181035394, 468.5149907898164, 470.800429769279, 473.0858687487415, 475.371307728204, 477.6567467076665, 479.94218568712904, 482.22762466659157, 484.51306364605404, 486.7985026255166, 489.0839416049791, 491.3693805844416, 493.6548195639042, 495.94025854336667, 498.2256975228292, 500.5111365022917, 502.79657548175425, 505.0820144612167, 507.36745344067924, 509.6528924201418, 511.9383313996043, 514.2237703790669, 516.5092093585293, 518.7946483379918, 521.0800873174544, 523.365526296917, 525.6509652763795, 527.9364042558419, 530.2218432353045, 532.507282214767, 534.7927211942294, 537.078160173692, 539.3635991531545, 541.6490381326171, 543.9344771120797, 546.2199160915421, 548.5053550710046, 550.7907940504671, 553.0762330299297, 555.3616720093921, 557.6471109888547, 559.9325499683173, 562.2179889477798, 564.5034279272422, 566.7888669067047, 569.0743058861673, 571.3597448656299, 573.6451838450923, 575.9306228245549, 578.2160618040174, 580.5015007834799, 582.7869397629423, 585.072378742405, 587.3578177218675, 589.64325670133, 591.9286956807925, 594.214134660255, 596.4995736397175, 598.78501261918, 601.0704515986426, 603.3558905781051, 605.6413295575676, 607.9267685370301, 610.2122075164926, 612.4976464959552, 614.7830854754177, 617.0685244548803, 619.3539634343427, 621.6394024138052, 623.9248413932677, 626.2102803727303, 628.4957193521927, 630.7811583316553, 633.0665973111179, 635.3520362905804, 637.6374752700428, 639.9229142495053, 642.208353228968, 644.4937922084305, 646.779231187893, 649.0646701673555, 651.350109146818, 653.6355481262805, 655.9209871057429, 658.2064260852055, 660.4918650646681, 662.7773040441306, 665.0627430235932, 667.3481820030556, 669.6336209825181, 671.9190599619808, 674.2044989414433, 676.4899379209057, 678.7753769003682], "type": "FrequencyMonitor", "store": ["flux"], "interpolate": true}, {"name": "thru", "x_cent": 0.0, "y_cent": 0.0, "z_cent": 0.0, "x_span": 1e+20, "y_span": 1e+20, "z_span": 0.0,