{
    "name": null,
    "frequency_range": [
        15048764551236.16,
        97485556664009.75
    ],
    "type": "PoleResidue",
    "eps_inf": 1.0,
    "poles": [
        [
            {
                "real": -2987435175562115.0,
                "imag": 1818444177634608.8
            },
            {
                "real": 1.433880530291136e+16,
                "imag": -1.3042856192860888e+16
            }
        ]
    ]
}