{
    "max_res_unit": 2,
    "min_res_unit": 1,
    "opt_res_unit": 1,
    "compute_weight": 1465.1442612186918,
    "sim_weight": 2930.2885224373836,
    "float_rw_time_stepping": 55675.21038309829,
    "float_rw_post_process": 0.271543212,
    "grid_points": 7645373,
    "grid_points_x": 197,
    "grid_points_y": 197,
    "grid_points_z": 197,
    "time_steps": 382496,
    "work_unit": 2.1798294384755073,
    "flex_unit": 0.871931775390203,
    "tags": [
        "0-50G",
        "0-8Am"
    ]
}