{
    "work_unit": 0.7250774239259933,
    "flex_unit": 0.2900309695703973,
    "pipelineWorkUnit": 0.2900309695703973
}