{
    "work_unit": 0.3513100198291035,
    "flex_unit": 0.14052400793164138,
    "pipelineWorkUnit": 0.14052400793164138
}